{"cameraMode":{"drawMode":0,"name":"Shaded","section":"Shading Mode"},"sceneLighting":true,"audioPlay":false,"sceneViewState":{"showFog":true,"showMaterialUpdate":false,"showSkybox":true,"showFlares":true,"showImageEffects":true,"showParticleSystems":true},"in2DMode":false,"pivot":{"x":1094.37939453125,"y":807.5877685546875,"z":-15.796142578125},"rotation":{"x":0.029685039073228837,"y":0.003910885192453861,"z":0.00011633392568910494,"w":-0.9995516538619995},"size":2075.839599609375,"orthographic":false}