{"cameraMode":{"drawMode":0,"name":"Shaded","section":"Shading Mode"},"sceneLighting":false,"audioPlay":false,"sceneViewState":{"showFog":true,"showMaterialUpdate":false,"showSkybox":false,"showFlares":true,"showImageEffects":true,"showParticleSystems":true},"in2DMode":false,"pivot":{"x":1.2562150955200196,"y":8.911357879638672,"z":-0.6597203016281128},"rotation":{"x":-0.09149672091007233,"y":0.3832908570766449,"z":-0.03819018974900246,"w":-0.9182907938957214},"size":4.041658401489258,"orthographic":false}